[
    {
        "id": 1,
        "name": "Christina Allen",
        "age": 49,
        "gender": "Male",
        "phone": "+91 6438298633",
        "date": "05/05/2025",
        "time": "02:12 AM",
        "disease": "Diabetes",
        "diagnosis": "Diabetes",
        "patient_type": "cancelled"
    },
    {
        "id": 2,
        "name": "Timothy Love",
        "age": 10,
        "gender": "Other",
        "phone": "+1 2053590591",
        "date": "25/04/2025",
        "time": "07:13 PM",
        "disease": "Parasitic disease",
        "diagnosis": "Parasitic disease",
        "patient_type": "cancelled"
    },
    {
        "id": 3,
        "name": "Brooke Campbell",
        "age": 27,
        "gender": "Male",
        "phone": "+1 24517662938",
        "date": "07/05/2025",
        "time": "10:28 AM",
        "disease": "COVID-19",
        "diagnosis": "COVID-19",
        "patient_type": "completed"
    },
    {
        "id": 4,
        "name": "Monica Barton",
        "age": 30,
        "gender": "Female",
        "phone": "+91 5487452639",
        "date": "22/04/2025",
        "time": "10:09 PM",
        "disease": "Asthma",
        "diagnosis": "Asthma",
        "patient_type": "upcoming"
    },
    {
        "id": 5,
        "name": "Kelly Ramirez",
        "age": 74,
        "gender": "Female",
        "phone": "+1 8548712459",
        "date": "15/04/2025",
        "time": "07:40 AM",
        "disease": "Arthritis",
        "diagnosis": "Arthritis",
        "patient_type": "cancelled"
    },
    {
        "id": 6,
        "name": "Daniel Cummings",
        "age": 68,
        "gender": "Other",
        "phone": "+21 8547458962",
        "date": "02/05/2025",
        "time": "06:45 AM",
        "disease": "Hypertension",
        "diagnosis": "Hypertension",
        "patient_type": "completed"
    },
    {
        "id": 7,
        "name": "Steven Norton",
        "age": 36,
        "gender": "Male",
        "phone": "+90 8721820207",
        "date": "12/05/2025",
        "time": "03:14 PM",
        "disease": "Asthma",
        "diagnosis": "Asthma",
        "patient_type": "upcoming"
    },
    {
        "id": 8,
        "name": "Shawn Russell",
        "age": 43,
        "gender": "Male",
        "phone": "+21 6936933505",
        "date": "30/04/2025",
        "time": "09:10 PM",
        "disease": "Flu",
        "diagnosis": "Flu",
        "patient_type": "cancelled"
    },
    {
        "id": 9,
        "name": "Victoria Wolfe",
        "age": 66,
        "gender": "Female",
        "phone": "(487)0953135",
        "date": "04/05/2025",
        "time": "01:47 PM",
        "disease": "Diabetes",
        "diagnosis": "Diabetes",
        "patient_type": "completed"
    },
    {
        "id": 10,
        "name": "Stacy Harper",
        "age": 58,
        "gender": "Female",
        "phone": "+91 8541254965",
        "date": "27/04/2025",
        "time": "07:56 PM",
        "disease": "Tuberculosis",
        "diagnosis": "Tuberculosis",
        "patient_type": "upcoming"
    },
    {
        "id": 11,
        "name": "Derek Collins",
        "age": 37,
        "gender": "Male",
        "phone": "+7 8603253939",
        "date": "26/04/2025",
        "time": "08:15 AM",
        "disease": "Migraine",
        "diagnosis": "Migraine",
        "patient_type": "cancelled"
    },
    {
        "id": 12,
        "name": "Christina Barker",
        "age": 72,
        "gender": "Female",
        "phone": "+1 718411291675",
        "date": "06/05/2025",
        "time": "09:32 AM",
        "disease": "Asthma",
        "diagnosis": "Asthma",
        "patient_type": "completed"
    },
    {
        "id": 13,
        "name": "Joshua Burke",
        "age": 25,
        "gender": "Male",
        "phone": "+91 2668807740",
        "date": "09/05/2025",
        "time": "11:20 AM",
        "disease": "Parasitic disease",
        "diagnosis": "Parasitic disease",
        "patient_type": "cancelled"
    },
    {
        "id": 14,
        "name": "Leslie Howell",
        "age": 48,
        "gender": "Other",
        "phone": "+1 8457451254",
        "date": "12/04/2025",
        "time": "02:49 AM",
        "disease": "Allergy",
        "diagnosis": "Allergy",
        "patient_type": "upcoming"
    },
    {
        "id": 15,
        "name": "Denise Alvarez",
        "age": 62,
        "gender": "Female",
        "phone": "+1 12451263584",
        "date": "01/05/2025",
        "time": "01:30 PM",
        "disease": "Diabetes",
        "diagnosis": "Diabetes",
        "patient_type": "completed"
    },
    {
        "id": 16,
        "name": "Nathan Hoffman",
        "age": 57,
        "gender": "Male",
        "phone": "+1 954684512",
        "date": "11/05/2025",
        "time": "04:05 PM",
        "disease": "COVID-19",
        "diagnosis": "COVID-19",
        "patient_type": "cancelled"
    },
    {
        "id": 17,
        "name": "Benjamin Rice",
        "age": 65,
        "gender": "Male",
        "phone": "+1 8457145124",
        "date": "02/05/2025",
        "time": "11:05 PM",
        "disease": "Arthritis",
        "diagnosis": "Arthritis",
        "patient_type": "upcoming"
    },
    {
        "id": 18,
        "name": "Anna Ramsey",
        "age": 22,
        "gender": "Female",
        "phone": "+1 457854584",
        "date": "14/04/2025",
        "time": "03:24 PM",
        "disease": "Tuberculosis",
        "diagnosis": "Tuberculosis",
        "patient_type": "completed"
    },
    {
        "id": 19,
        "name": "Jason Webster",
        "age": 59,
        "gender": "Male",
        "phone": "+1 854965412",
        "date": "17/04/2025",
        "time": "10:59 PM",
        "disease": "Flu",
        "diagnosis": "Flu",
        "patient_type": "cancelled"
    },
    {
        "id": 20,
        "name": "Erin Todd",
        "age": 28,
        "gender": "Female",
        "phone": "+1 845613213651",
        "date": "24/04/2025",
        "time": "12:21 PM",
        "disease": "Asthma",
        "diagnosis": "Asthma",
        "patient_type": "completed"
    },
    {
        "id": 21,
        "name": "Jill Fitzgerald",
        "age": 80,
        "gender": "Other",
        "phone": "+91 5456456456",
        "date": "05/05/2025",
        "time": "10:10 PM",
        "disease": "Diabetes",
        "diagnosis": "Diabetes",
        "patient_type": "upcoming"
    },
    {
        "id": 22,
        "name": "Samuel Franklin",
        "age": 34,
        "gender": "Male",
        "phone": "+27 56845645646",
        "date": "04/05/2025",
        "time": "05:46 AM",
        "disease": "Migraine",
        "diagnosis": "Migraine",
        "patient_type": "cancelled"
    },
    {
        "id": 23,
        "name": "Corey Dennis",
        "age": 40,
        "gender": "Female",
        "phone": "+94 45645646546",
        "date": "03/05/2025",
        "time": "02:25 PM",
        "disease": "Parasitic disease",
        "diagnosis": "Parasitic disease",
        "patient_type": "upcoming"
    },
    {
        "id": 24,
        "name": "Colleen Leonard",
        "age": 53,
        "gender": "Female",
        "phone": "+1 98498464",
        "date": "28/04/2025",
        "time": "06:18 PM",
        "disease": "Allergy",
        "diagnosis": "Allergy",
        "patient_type": "completed"
    },
    {
        "id": 25,
        "name": "Brittany Nguyen",
        "age": 33,
        "gender": "Female",
        "phone": "+1 94914674165",
        "date": "30/04/2025",
        "time": "01:11 AM",
        "disease": "Hypertension",
        "diagnosis": "Hypertension",
        "patient_type": "cancelled"
    },
    {
        "id": 26,
        "name": "Franklin James",
        "age": 60,
        "gender": "Male",
        "phone": "+1 5454564646",
        "date": "10/05/2025",
        "time": "03:06 PM",
        "disease": "Tuberculosis",
        "diagnosis": "Tuberculosis",
        "patient_type": "completed"
    }
]